Person_ID,Occupation,Area_Selected,Monthly_Rent,Distance_To_Work,Public_Transport,Safety_Rating,Nearby_Hospitals,Nearby_Schools,Shopping_Access,Noise_Level,Internet_Availability,Main_Reason,Household_Type,Age,Annual_Income
P0285,Business,Green Valley,22000.0,2.2,Good,5.0,Yes,Yes,Good,Low,Excellent,Shopping Access,Family,26.0,1176000.0
P0412,Healthcare,Tech Park,23500.0,2.3,Excellent,4.0,Yes,No,Excellent,Medium,Excellent,Affordable Rent,Single,60.0,252000.0
P0494,Government,Green Valley,20500.0,9.0,Good,5.0,Yes,Yes,Good,Low,Excellent,Quiet Environment,Couple,43.0,6000000.0
P0040,Finance,North Avenue,16500.0,10.0,Good,4.0,NO,Yes,Good,Medium,Good,Schools,Single,33.0,
P0255,Self-Employed,North Avenue,20000.0,9.4,Good,4.0,Yes,Yes,Good,Medium,GOOD,Short Commute,Couple,46.0,876000.0
P0592,Teacher,Lake View,21000.0,7.7,Good,5.0,Yes,Yes,Good,Low,Excellent,Safety,Single,58.0,948000.0
P0263,Teacher,Lake View,25000.0,13.4,Good,5.0,Yes,Yes,Good,Low,Excellent,Quiet Environment,Single,34.0,1056000.0
P0198,Healthcare,City Center,27500.0,2.2,Excellent,3.0,Yes,Yes,Excellent,High,Excellent,Quiet Environment,Family,54.0,696000.0
P0437,Government,Lake View,18500.0,12.8,Good,5.0,Yes,Yes,Good,Low,Excellent,Short Commute,Single,22.0,1020000.0
P0221,Healthcare,North Avenue,19000.0,10.8,Good,4.0,Yes,Yes,Good,Medium,Good,Schools,Family,31.0,156000.0
P0305,,Green Valley,19000.0,9.6,Good,5.0,NO,Yes,Good,Low,Excellent,Safety,Family,34.0,1680000.0
P0573,Self-Employed,Lake View,24000.0,12.9,,5.0,YES,Yes,Good,Low,Excellent,Affordable Rent,Single,33.0,1608000.0
P0355,Self-Employed,City Center,29000.0,4.9,Excellent,3.0,Yes,Yes,Excellent,High,Excellent,Public Transport,Couple,24.0,468000.0
P0135,Healthcare,Hill View,13500.0,150.0,Poor,4.0,No,Yes,Average,Low,Good,Public Transport,Family,42.0,996000.0
P0431,Healthcare,Lake View,22500.0,12.6,Good,5.0,Yes,Yes,Good,Low,Excellent,Short Commute,Family,44.0,948000.0
P0428,Healthcare,North Avenue,17000.0,3.5,Good,4.0,Yes,Yes,Good,Medium,Good,Affordable Rent,Couple,62.0,804000.0
P0262,Self-Employed,South Garden,10500.0,15.2,Average,3.0,No,Yes,Average,Low,Average,Quiet Environment,Family,38.0,1140000.0
P0062,Self-Employed,Riverside,19000.0,12.9,Average,4.0,Yes,Yes,Good,Low,Good,Shopping Access,Family,25.0,996000.0
P0125,IT Professional,Hill View,14500.0,17.6,Poor,4.0,No,Yes,Average,Low,Good,Public Transport,Couple,34.0,984000.0
P0357,Self-Employed,Green Valley,19500.0,10.2,Good,5.0,Yes,Yes,Good,Low,Excellent,Affordable Rent,Couple,36.0,720000.0
P0457,Teacher,Lake View,20500.0,5.8,Good,5.0,Yes,Yes,Good,Low,Excellent,,Couple,46.0,348000.0
P0548,Healthcare,Hill View,13000.0,15.5,Poor,4.0,No,Yes,Average,Low,Good,Schools,Family,29.0,240000.0
P0155,Teacher,Green Valley,18500.0,4.9,Good,5.0,Yes,Yes,Good,Low,Excellent,Shopping Access,Couple,24.0,1380000.0
P0160,Government,South Garden,13000.0,150.0,Average,3.0,No,Yes,Average,Low,Average,Safety,Family,18.0,192000.0
P0461,Business,City Center,27500.0,10.0,Excellent,3.0,Yes,Yes,Excellent,High,Excellent,Affordable Rent,Couple,32.0,192000.0
P0522,Healthcare,Lake View,20500.0,11.7,Good,5.0,Yes,Yes,Good,Low,Excellent,Shopping Access,Couple,25.0,1116000.0
P0364,Finance,Riverside,19500.0,14.4,Average,4.0,Yes,Yes,Good,Low,Good,Safety,Couple,32.0,1068000.0
P0590,Finance,Green Valley,17500.0,10.6,Good,5.0,Yes,Yes,Good,Low,Excellent,Affordable Rent,Couple,40.0,840000.0
P0185,Self-Employed,,18500.0,5.5,Good,5.0,Yes,Yes,Good,Low,Excellent,Affordable Rent,Family,19.0,744000.0
P0511,Finance,Riverside,18000.0,13.6,Average,4.0,Yes,Yes,Good,Low,Good,Schools,Family,51.0,1812000.0
P0101,Business,Hill View,17000.0,14.3,Poor,4.0,No,Yes,Average,Low,Good,Safety,Family,29.0,144000.0
P0487,Self-Employed,Tech Park,26000.0,1.3,Excellent,4.0,Yes,No,Excellent,Medium,Excellent,Affordable Rent,Couple,40.0,240000.0
P0329,self-employed,City Center ,27000.0,5.5,Excellent,3.0,Yes,Yes,Excellent,High,Excellent,Safety,Family,20.0,1704000.0
P0063,Teacher,Hill View,16500.0,,Poor,4.0,,Yes,Average,Low,Good,Public Transport,Couple,41.0,852000.0
P0030,Self-Employed,Tech Park,,4.8,Excellent,4.0,Yes,No,Excellent,Medium,Excellent,Short Commute,Family,33.0,456000.0
P0254,IT Professional,South Garden,15000.0,13.4,Average,3.0,No,Yes,Average,Low,Average,Safety,Couple,23.0,420000.0
P0085,Teacher,Green Valley,19500.0,10.9,Good,5.0,Yes,Yes,Good,Low,Excellent,Safety,Couple,26.0,636000.0
P0430,Business,North Avenue,17000.0,9.2,Good,4.0,Yes,Yes,Good,Medium,Good,Safety,Single,23.0,852000.0
P0444,Finance,City Center,30000.0,4.1,Excellent,3.0,Yes,Yes,Excellent,High,Excellent,Shopping Access,Family,20.0,288000.0
P0528,IT Professional,South Garden,13500.0,10.6,Average,3.0,No,Yes,Average,Low,Average,Public Transport,Family,36.0,480000.0
P0446,Teacher,Tech Park,26500.0,0.5,Excellent,4.0,Yes,No,Excellent,Medium,Excellent,Shopping Access,Couple,63.0,852000.0
P0142,IT Professional,North Avenue,17000.0,8.4,,4.0,Yes,Yes,Good,Medium,Good,Safety,Family,22.0,2028000.0
P0315,Finance,Hill View,17500.0,16.5,Poor,4.0,No,Yes,Average,Low,Good,Safety,Couple,29.0,792000.0
P0524,IT Professional,City Center,30500.0,0.5,Excellent,3.0,Yes,Yes,Excellent,High,Excellent,,Family,20.0,180000.0
P0045,Teacher,North Avenue,17500.0,,Good,4.0,Yes,Yes,Good,Medium,Good,Safety,Couple,42.0,456000.0
P0211,IT Professional,Tech Park,27000.0,1.2,Excellent,4.0,Yes,No,Excellent,Medium,Excellent,Safety,Couple,37.0,204000.0
P0131,Healthcare,Green Valley,20500.0,7.9,Good,5.0,Yes,Yes,Good,Low,,Shopping Access,Single,23.0,264000.0
P0245,Finance,City Center,27000.0,3.3,Excellent,3.0,Yes,Yes,Excellent,High,Excellent,Affordable Rent,Single,23.0,1704000.0
P0571,Self-Employed,City Center,28500.0,4.4,Excellent,9.0,Yes,Yes,Excellent,High,Excellent,Schools,Couple,66.0,144000.0
P0024,Teacher,Tech Park,24000.0,3.5,Excellent,4.0,Yes,No,Excellent,Medium,Excellent,Schools,Couple,22.0,444000.0
P0385,Self-Employed,Green Valley,19000.0,11.5,Good,5.0,,Yes,Good,Low,Excellent,Hospitals,Family,49.0,1176000.0
P0252,Self-Employed,City Center,26500.0,7.6,Excellent,3.0,Yes,Yes,Excellent,High,Excellent,Safety,Single,45.0,168000.0
P0372,IT Professional,North Avenue,17000.0,5.4,Good,4.0,Yes,Yes,Good,Medium,Good,Short Commute,Couple,30.0,600000.0
P0200,Self-Employed,Tech Park,26000.0,4.8,Excellent,4.0,Yes,No,Excellent,Medium,Excellent,Affordable Rent,Family,60.0,1608000.0
P0401,Business,North Avenue,18000.0,12.0,Good,4.0,Yes,Yes,Good,Medium,Good,Hospitals,Couple,62.0,2052000.0
P0467,Self-Employed,Riverside,19000.0,15.3,Average,4.0,Yes,Yes,Good,,Good,Hospitals,Single,51.0,276000.0
P0416,Finance,South Garden,13500.0,7.8,Average,3.0,No,Yes,Average,Low,Average,Affordable Rent,Family,36.0,192000.0
P0264,Self-Employed,North Avenue,18500.0,9.0,Good,4.0,Yes,Yes,Good, Low ,Good,Affordable Rent,,31.0,948000.0
P0084,Government,Lake View,22500.0,9.4,Good,5.0,Yes,Yes,Good,Low,Excellent,Short Commute,Family,54.0,420000.0
P0032,IT Professional,City Center,29000.0,4.5,Excellent,3.0,Yes,Yes,Excellent,High,Excellent,Safety,Single,43.0,252000.0
P0500,Healthcare,City Center,27000.0,0.5,Excellent,3.0,Yes,Yes,Excellent,High,Excellent,Safety,Couple,32.0,1140000.0
P0375,IT Professional,Tech Park,25000.0,5.4,Excellent,4.0,Yes,No,Excellent,Medium,Excellent,Internet Availability,Couple,24.0,252000.0
P0207,Government,Hill View,16000.0,17.6,Poor,4.0,No,Yes,Average,Low,Good,Safety,Single,26.0,456000.0
P0178,Teacher,North Avenue,15000.0,7.0,Good,4.0,Yes,Yes,Good,,Good,Affordable Rent,Single,31.0,888000.0
P0174,Healthcare,North Avenue,18500.0,10.8,Good,4.0,Yes,Yes,Good,Medium,Good,Shopping Access,Single,43.0,288000.0
P0022,Government,South Garden,16000.0,11.1,Average,3.0,No,Yes,Average,Low,Average,Affordable Rent,Single,24.0,480000.0
P0403,Student,Lake View,18500.0,13.5,Good,5.0,Yes,Yes,Good,Low,Excellent,Short Commute,Family,34.0,480000.0
P0017,Teacher,Tech Park,24500.0,1.5,Excellent,4.0,Yes,No,Excellent,Medium,Excellent,Short Commute,Couple,62.0,1020000.0
P0149,IT Professional,Riverside,17000.0,11.6,Average,4.0,Yes,Yes,Good,Low,Good,Safety,Single,31.0,300000.0
P0462,Student,Tech Park,32000.0,0.5,Excellent,4.0,Yes,No,Excellent,Medium,Excellent,Public Transport,Family,33.0,912000.0
P0281,Finance,North Avenue,13500.0,3.7,Good,4.0,Yes,Yes,Good,Medium,Good,Affordable Rent,Single,49.0,888000.0
P0176,Healthcare,Tech Park,,3.0,Excellent,4.0,Yes,No,Excellent,Medium,Excellent,Internet Availability,Single,41.0,384000.0
P0115,Teacher,Hill View,16000.0,14.5,Poor,4.0,No,Yes,Average,Low,Good,Affordable Rent,Single,22.0,264000.0
P0204,Finance,City Center,27500.0,2.0,,3.0,Yes,Yes,Excellent,High,Excellent,Safety,Family,52.0,936000.0
P0415,Healthcare,Riverside,20500.0,15.6,,6.0,Yes,Yes,Good,Low,Good,Short Commute,Couple,53.0,852000.0
P0127,self-employed,Green Valley ,19000.0,11.0,Good,5.0,Yes, Yes ,Good,Low,Excellent,Short Commute,Family,53.0,1608000.0
P0389,Government,South Garden,14000.0,14.0,Average,3.0,No,Yes,Average,Low,Average,Public Transport,Couple,67.0,1692000.0
P0093,IT Professional,Tech Park,31500.0,3.3,Excellent,4.0,Yes,No,Excellent,Medium,Excellent,Safety,Family,18.0,600000.0
P0116,Government,Riverside,22000.0,8.4,Average,4.0,Yes,Yes,Good,,Good,Hospitals,Couple,22.0,888000.0
P0358,Business,North Avenue,17000.0,10.0,Good,,Yes,Yes,Good,Medium,Good,Affordable Rent,Family,28.0,672000.0
P0345,Government,Green Valley,18000.0,4.9,Good,5.0,Yes,Yes,Good,Low,Excellent,Short Commute,Couple,27.0,1896000.0
P0313,Government,Lake View,25000.0,,Good,5.0,Yes,Yes,Good,Low,Excellent,Affordable Rent,Couple,24.0,1980000.0
P0596,Government,Tech Park,20500.0,7.5,Excellent,4.0,Yes,No,Excellent,Medium,Excellent,Short Commute,Couple,35.0,0.0
P0560,Teacher,Green Valley,17000.0,3.8,Good,5.0,Yes,Yes,Good,Low,good,Affordable Rent,Single,23.0,1128000.0
P0206,Student,Green Valley,21000.0,9.2,Good,5.0,Yes,Yes,Good,Low,Excellent,Internet Availability,Couple,43.0,1140000.0
P0247,IT Professional,Hill View,17000.0,0.0,Poor,4.0,No,Yes,Average,Low,excellent,Public Transport,Family,23.0,432000.0
P0567,IT Professional,City Center,28000.0,2.9,Excellent,3.0,Yes,Yes,Excellent,High,Excellent,Public Transport,Couple,26.0,1320000.0
P0184,Government,Lake View,24500.0,10.2,Good,5.0,Yes,Yes,Good,Low,Excellent,,Single,34.0,1104000.0
P0187,Government,Tech Park,25000.0,7.5,Excellent,4.0,Yes,No,Excellent,Medium,Excellent,Public Transport,Couple,31.0,1164000.0
P0195,Business,City Center,32500.0,6.7,Excellent,3.0,Yes,Yes,Excellent,High,Excellent,Hospitals,Couple,42.0,672000.0
P0349,Teacher,City Center,30500.0,8.0,Excellent,3.0,Yes,Yes,Excellent,High,Excellent,Schools,Single,27.0,1104000.0
P0243,IT Professional,Lake View,-5000.0,15.3,Good,5.0,Yes,Yes,Good,Low,Excellent,Safety,Couple,42.0,1188000.0
P0568,Student,Green Valley,18000.0,7.5,Good,5.0,Yes,Yes,Good,Low,Excellent,Affordable Rent,Couple,28.0,600000.0
P0072,Teacher,South Garden,13000.0,11.9,Average,3.0,No,Yes,Average,Low,Average,Safety,Family,36.0,156000.0
P0009,Finance,,999999.0,5.9,Good,4.0,Yes,Yes,Good,Medium,Good,Shopping Access,Couple,32.0,1428000.0
P0306,Teacher,City Center,30500.0,0.5,Excellent,3.0,Yes,Yes,Excellent,High,Excellent,Safety,Single,65.0,1020000.0
P0058,Teacher,Green Valley,17000.0,6.8,Good,5.0,Yes,Yes,Good,Low,Excellent,Affordable Rent,Couple,32.0,1536000.0
P0087,Government,Riverside,22500.0,10.0,Average,4.0,Yes,Yes,Good,Low,Good,Short Commute,Family,33.0,768000.0
P0051,Teacher,Hill View,15500.0,14.9,Poor,4.0,yes,Yes,Average,Low,Good,Short Commute,Single,59.0,672000.0
P0122,Government,Green Valley,18500.0,5.5,Good,5.0,Yes,Yes,Good,Low,Excellent,Safety,Family,43.0,1128000.0
P0269,Student,Hill View,15000.0,11.0,good,4.0,No,Yes,Average,Low,Good,Affordable Rent,Family,21.0,-120000.0
P0489,Teacher,City Center,22500.0,4.0,Excellent,3.0,Yes,Yes,Excellent,High,Excellent,Schools,Family,39.0,660000.0
P0104,Business,Riverside,20500.0,-2.0,Average,4.0,Yes,Yes,Good,Low,Good,Safety,Single,43.0,1668000.0
P0551,Business,Green Valley,18500.0,12.5,Good,5.0,Yes,Yes,good,Low,Excellent,Affordable Rent,Couple,43.0,624000.0
P0397,IT Professional,North Avenue,17000.0,5.6,Good,4.0,Yes,Yes,Good,Medium,Good,Safety,Couple,23.0,2064000.0
P0492,Government,South Garden,,9.8,Average,3.0,No,Yes,Average,Low,Average,Affordable Rent,Family,17.0,216000.0
P0427,IT Professional,Lake View,22500.0,10.6,Good,5.0,no,Yes,Good,Low,Excellent,Schools,Single,31.0,1164000.0
P0284,Self-Employed,Lake View,25000.0,11.6,Good,5.0,Yes,Yes,Good,Low,Excellent,Safety,Couple,21.0,240000.0
P0318,Government,Tech Park,18500.0,-2.0,,4.0,Yes,No,Excellent,Medium,Excellent,Schools,Couple,28.0,552000.0
P0586,IT Professional,North Avenue,15500.0,,Good,4.0,Yes,Yes,Good,Medium,Good,Short Commute,Single,39.0,2100000.0
P0222,Teacher,Green Valley,15500.0,4.3,Good,5.0,Yes,Yes,Good,Low,Excellent,Shopping Access,Single,24.0,804000.0
P0426,Teacher,City Center,26500.0,,Excellent,3.0,Yes,Yes,Excellent,High,Excellent,Safety,Couple,49.0,348000.0
P0476,Student,Riverside,17000.0,9.6,Average,4.0,Yes,Yes,Good,Low,Good,Public Transport,Single,18.0,156000.0
P0077,Business,North Avenue,16500.0,10.1,Good,,Yes,Yes,Good,Medium,Good,Schools,Couple,55.0,6000000.0
P0337,Teacher,Tech Park,27000.0,2.9,Excellent,4.0,Yes,yes,Excellent,Medium,Excellent,Schools,family,19.0,1608000.0
P0003,Government,Lake View,25000.0,10.7,Good,5.0,Yes,Yes,Good,Low,Excellent,Public Transport,Single,54.0,756000.0
P0388,Student,Hill View,15500.0,16.9,Poor,4.0,No,Yes,Average,Low,,Schools,Single,21.0,912000.0
P0577,Healthcare,Lake View,20500.0,9.2,Good,5.0,Yes,Yes,Good,Low,Excellent,Public Transport,Family,53.0,1476000.0
P0236,Finance,Hill View,17000.0,15.2,Poor,4.0,No,Yes,Average,low,Good,Safety,Couple,42.0,504000.0
P0432,Business,Hill View,17500.0,14.9,Poor,4.0,No,Yes,Average,Low,Good,Safety,Family,20.0,576000.0
P0079,Finance,Riverside,23000.0,16.1,Average,4.0,Yes,Yes,Good,Low,Good,Short Commute,Family,38.0,792000.0
P0399,Teacher,Lake View,22000.0,7.6,Good,5.0,Yes,Yes,Good,Low,Excellent,Safety,Family,17.0,384000.0
P0073,Government,South Garden,14000.0,13.5,Average,3.0,No,Yes,Average,Low,Average,Safety,Family,52.0,480000.0
P0373,Government,Green Valley,17500.0,11.8,Good,5.0,Yes,Yes,Good,Low,Excellent,Internet Availability,Couple,32.0,1716000.0
P0002,Government,City Center,29000.0,4.0,Excellent,3.0,Yes,Yes,Excellent,High,Excellent,Public Transport,Family,53.0,1020000.0
P0581,IT Professional,South Garden,16000.0,11.2,,3.0,No,Yes,Average,Low,Average,Schools,Family,52.0,1728000.0
P0112,Business,City Center,27500.0,4.1,Excellent,3.0,Yes,YES,Excellent,High,Excellent,Short Commute,Single,31.0,204000.0
P0458,Healthcare,Tech Park,28500.0,3.6,Excellent,4.0,Yes,YES,Excellent,Medium,Excellent,Public Transport,Couple,53.0,
P0536,Student,Green Valley,13000.0,3.9,Good,5.0,Yes,Yes,Good,Low,Excellent,Short Commute,Single,25.0,252000.0
P0145,IT Professional,Riverside,21500.0,11.3,Average,4.0,Yes,Yes,Good,Low,Good,Safety,Single,24.0,780000.0
P0580,Government,Tech Park,21000.0,2.3,Excellent,4.0,Yes,No,Excellent,Medium,Excellent,Quiet Environment,Couple,59.0,396000.0
P0374,IT Professional,Riverside,19000.0,14.5,Average,4.0,Yes,Yes,Good,Low,Good,Hospitals,,50.0,480000.0
P0410,Business,Tech Park,24500.0,6.2,Excellent,4.0,Yes,No,Excellent,Medium,Excellent,Quiet Environment,Couple,42.0,1020000.0
P0380,IT Professional,Hill View,15500.0,16.5,Poor,4.0,No,Yes,Average,Low,Good,Safety,Single,26.0,696000.0
P0081,IT Professional,City Center,27500.0,1.9,Excellent,3.0,Yes,Yes,Excellent,High,Excellent,Public Transport,Couple,52.0,612000.0
P0407,Finance,Tech Park,26500.0,4.4,Excellent,4.0,Yes,No,Excellent,Medium,Excellent,Affordable Rent,Couple,53.0,540000.0
P0161,IT Professional,Lake View,24000.0,8.7,Good,5.0,Yes,Yes,Good,Low,Excellent,Short Commute,Single,29.0,1080000.0
P0383,Government,North Avenue,15000.0,6.2,Good,4.0,Yes,Yes,,Medium,Good,Short Commute,Single,32.0,1404000.0
P0056,Teacher,City Center,26500.0,1.9,Excellent,3.0,Yes,Yes,Excellent,MEDIUM,Excellent,Safety,Couple,37.0,300000.0
P0261,Teacher,North Avenue,17500.0,11.3,Good,4.0,Yes,Yes,Good,Medium,good,Affordable Rent,Family,31.0,1932000.0
P0015,Healthcare,Lake View,21500.0,6.4,Good,5.0,Yes,Yes,Good,Low,Excellent,Hospitals,Single,52.0,288000.0
P0208,Teacher,Hill View,14500.0,17.9,Poor,4.0,No,Yes,,Low,Good,Public Transport,Single,26.0,432000.0
P0212,Business,North Avenue,15000.0,5.0,Good,4.0,Yes,Yes,Good,Medium,Good,Affordable Rent,Single,29.0,996000.0
P0057,IT Professional,Green Valley,16000.0,10.6,Good,5.0,Yes,Yes,Good,Low,Excellent,Hospitals,Family,52.0,1908000.0
P0055,Teacher,Riverside,17500.0,14.6,Average,4.0,Yes,Yes,Good,Low,Good,Public Transport,Single,20.0,972000.0
P0550,Business,Green Valley,17500.0,11.2,Good,5.0,Yes,Yes,Good,Low,Excellent,Shopping Access,Family,26.0,204000.0
P0294,IT Professional,Hill View,14000.0,9.9,Poor,4.0,No,Yes,Average,Low,Good,Short Commute,Single,28.0,696000.0
P0240,Self-Employed,Tech Park,26500.0,2.2,Excellent,4.0,Yes,No,Excellent,Medium,Excellent,Hospitals,,51.0,240000.0
P0540,Student,Riverside,19500.0,10.7,Average,4.0,Yes,Yes,Good,Low,Good,Hospitals,Family,37.0,1812000.0
P0290,Teacher,Tech Park,29000.0,6.7,Excellent,4.0,Yes,No,,Medium,Excellent,Shopping Access,Single,62.0,408000.0
P0038,Healthcare,Tech Park,26500.0,4.7,Excellent,4.0,Yes,No,Excellent,Medium,Excellent,Public Transport,Couple,35.0,180000.0
P0031,Business,City Center,30000.0,2.9,Excellent,3.0,Yes,Yes,Excellent,High,excellent,Safety,Family,18.0,516000.0
P0569,Government,Tech Park,26000.0,4.9,Excellent,4.0,Yes,No,Excellent,Medium,Excellent,Public Transport,Single,35.0,144000.0
P0006,Student,Green Valley,18000.0,6.5,Good,5.0,Yes,Yes,Good,Low,Excellent,Public Transport,Couple,42.0,1056000.0
P0219,IT Professional,South Garden,12500.0,14.5,Average,3.0,No,Yes,Average,Low,Average,Shopping Access,Single,34.0,924000.0
P0328,IT Professional,Lake View,27000.0,,Good,5.0,Yes,Yes,Good,Low,Excellent,Schools,Couple,63.0,1176000.0
P0275,IT Professional,North Avenue,17500.0,7.9,Good,4.0,Yes,Yes,Good,Medium,Good,Short Commute,Couple,46.0,1176000.0
P0165,Student,City Center,27000.0,2.9,Excellent,3.0,Yes,Yes,Excellent,High,Excellent,Hospitals,Single,34.0,1140000.0
P0280,Self-Employed,Lake View,23500.0,5.5,Good,5.0,Yes,Yes,Good,Low,Excellent,Safety,Couple,28.0,852000.0
P0512,IT Professional,Tech Park,24000.0,0.9,Excellent,4.0,Yes,No,Excellent,Medium,Excellent,Short Commute,Single,28.0,492000.0
P0102,Finance,Hill View,17000.0,14.0,Poor,4.0,No,Yes,Average,Low,Good,Schools,SINGLE,46.0,2016000.0
P0120,Self-Employed,Riverside,18000.0,14.8,Average,4.0,Yes,Yes,Good,Low,Good,Short Commute,Family,44.0,1656000.0
P0042,Teacher,Hill View,,11.5,Poor,4.0,No,Yes,Average,MEDIUM,Good,Schools,Family,35.0,780000.0
P0004,Healthcare,North Avenue,15500.0,5.0,Good,4.0,Yes,Yes,Good,Medium,Good,Schools,Family,53.0,828000.0
P0549,Teacher,Tech Park,26000.0,2.4,Excellent,4.0,Yes,No,Excellent,Medium,Excellent,Public Transport,Couple,20.0,1332000.0
P0103,Teacher,Tech Park,25000.0,2.7,Excellent,4.0,Yes,No,Excellent,Medium,Excellent,Affordable Rent,Family,50.0,1980000.0
P0169,Student,Green Valley,21500.0,9.6,Good,5.0,Yes,Yes,EXCELLENT,Low,Excellent,Internet Availability,Family,47.0,1092000.0
P0205,IT Professional,City Center,22000.0,3.1,Excellent,3.0,Yes,Yes,Excellent,High,Excellent,Safety,Family,25.0,528000.0
P0110,Self-Employed,Hill View,13000.0,20.1,Poor,4.0,No,Yes,Average,Low,Good,Affordable Rent,Family,40.0,1692000.0
P0114,Business,North Avenue,17500.0,9.7,Good,4.0,Yes,Yes,Good,Medium,Good,Affordable Rent,Family,34.0,1080000.0
P0259,IT Professional,Tech Park,24000.0,4.2,good,4.0,Yes,No,Excellent,Medium,Excellent,Public Transport,Family,44.0,420000.0
P0449,Finance,Lake View,22500.0,12.2,Good,5.0,Yes,Yes,Good, Low ,Excellent,Affordable Rent,Couple,42.0,1152000.0
P0386,finance,Tech Park ,24500.0,0.5,Excellent,4.0,Yes,No,Excellent,Medium,Excellent,Internet Availability,Couple,27.0,420000.0
P0493,Business,Green Valley,20500.0,10.1,Good,5.0,Yes,Yes,Good,Low,Excellent,Safety,Family,43.0,732000.0
P0547,Student,City Center,,6.5,Excellent,3.0, Yes ,Yes,Excellent,High,Excellent,Hospitals,Couple,28.0,1476000.0
P0517,Healthcare,Lake View,21500.0,13.6,Good,5.0,Yes,Yes,Good,Low,Excellent,,Couple,21.0,156000.0
P0097,Self-Employed,Green Valley,20000.0,6.4, Good ,5.0,Yes,Yes,Good,Low,Excellent,Public Transport,Family,22.0,504000.0
P0152,Finance,Tech Park,28500.0,1.4,Excellent,4.0,Yes,No,Excellent,Medium,Excellent,Schools,Family,47.0,900000.0
P0356,Teacher,North Avenue,16500.0,6.4,Good,4.0,Yes,Yes,Good,Medium,Good,Schools,Couple,22.0,660000.0
P0016,Self-Employed,South Garden,14000.0,15.0,Average,3.0,No,Yes,Average,Low,Average,Hospitals,Couple,23.0,888000.0
P0357,self-employed,Green Valley ,19500.0,10.2,Good,5.0,Yes,Yes,Good,Low,Excellent,Affordable Rent,Couple,43.0,696000.0
P0382,Self-Employed,North Avenue,19000.0,8.4,Good,4.0,Yes,Yes,Good,Medium,Good,Shopping Access,Couple,29.0,492000.0
P0466,Business,Green Valley,19500.0,4.8,Good,5.0,Yes,Yes,Good,Low,Excellent,Safety,Couple,46.0,492000.0
P0333,IT Professional,Hill View,14500.0,17.9,Poor,4.0,No,Yes,Average,Low,Good,Safety,Couple,51.0,1788000.0
P0381,IT Professional,Hill View,15000.0,16.6,Poor,4.0,No,Yes,Average,Low,Good,Safety,Family,27.0,540000.0
P0367,Business,Hill View,14000.0,17.2,Poor,4.0,No,Yes,Average,Low,Good,Short Commute,Single,27.0,156000.0
P0598,Student,City Center,28000.0,5.5,Excellent,,Yes,Yes,Excellent,High,Excellent,Schools,Single,34.0,528000.0
P0410,Business,Tech Park,24500.0,6.2,Excellent,4.0,Yes,No,Excellent,Medium,Excellent,Quiet Environment,Couple,39.0,972000.0
P0592,Teacher,Lake View,21000.0,7.7,Good,5.0,Yes,Yes,Good,Low,Excellent,Safety,Single,63.0,900000.0
P0092,IT Professional,Green Valley,18000.0,7.2,Good,5.0,Yes,Yes,Good,Low,Excellent,Quiet Environment,Couple,21.0,768000.0
P0291,Healthcare,Riverside,25500.0,12.9,Average,4.0,Yes,Yes,Good,Low,Good,Hospitals,Couple,61.0,384000.0
P0429,Business,Green Valley,18500.0,17.0,Good,5.0,Yes,Yes,Good,Low,Excellent,Shopping Access,Single,27.0,372000.0
P0008,Healthcare,City Center,29500.0,4.6, Good ,3.0,Yes,,Excellent,High,Excellent,Public Transport,Couple,33.0,216000.0
P0520,it professional,Green Valley ,16500.0,5.7,Good,5.0,Yes,Yes,Good,Low,Excellent,Quiet Environment,Family,28.0,240000.0
P0469,Business,Lake View,22000.0,9.8,Good,5.0,Yes,Yes,Good,Low,Excellent,Schools,Single,21.0,492000.0
P0182,IT Professional,Green Valley,17000.0,9.3,Good,5.0,Yes,Yes,Good,Low,Excellent,Short Commute,Single,45.0,948000.0
P0234,Government,Hill View,16500.0,14.3,Poor,4.0,No,Yes,Average,Low,Good,Public Transport,Family,46.0,1092000.0
P0465,Self-Employed,Lake View,20000.0,6.6,Good,5.0,Yes,Yes,Good,Low,Excellent,Short Commute,Couple,21.0,972000.0
P0454,Teacher,Riverside,17000.0,13.4,Average,4.0,Yes,Yes,Good,Low,Good,Affordable Rent,Family,26.0,900000.0
P0539,Self-Employed,Hill View,14000.0,13.5,Poor,4.0,No,Yes,Average,Low,Good,Affordable Rent,Couple,18.0,396000.0
P0166,Teacher,Tech Park,26000.0,2.4,Excellent,4.0,Yes,No,Excellent,Medium,Excellent,Affordable Rent,Family,,888000.0
P0146,IT Professional,South Garden,14500.0,17.1,Average,3.0,No,,Average,Low,Average,Affordable Rent,Family,40.0,1944000.0
P0237,Student,South Garden,13000.0,10.8,Average,3.0,No,Yes,Average,Low,Average,Public Transport,Couple,30.0,948000.0
P0344,Teacher,North Avenue,18000.0,8.9,Good,4.0,Yes,Yes,Good,Medium,Good,Short Commute,Couple,,2052000.0
P0322,,Hill View,13500.0,12.1,Poor,4.0,No,Yes,Average,Low,GOOD,Safety,Family,25.0,852000.0
P0191,Teacher,Tech Park,,0.5,Excellent,4.0,Yes,No,Excellent,Medium,Excellent,Quiet Environment,Couple,25.0,204000.0
P0301,Teacher,Lake View,20000.0,10.3,Good,5.0,Yes,Yes,Good,Low,Excellent,Safety,Couple,33.0,1752000.0
P0530,Student,Hill View,14500.0,16.5,Poor,4.0,No,Yes,Average,Low,Good,Safety,Couple,21.0,264000.0
P0024,Teacher,Tech Park,24000.0,3.5,Excellent,4.0,Yes,No,Excellent,Medium,Excellent,Schools,Couple,20.0,444000.0
P0359,Healthcare,Green Valley,19000.0,15.1,Good,5.0,Yes,,Good,Low,Excellent,Shopping Access,Single,39.0,504000.0
P0559,Student,Riverside,22500.0,11.2,Average,4.0,Yes,Yes,Good,Low,Good,Safety,Single,32.0,252000.0
P0488,IT Professional,Green Valley,21000.0,7.5,Good,5.0,Yes,Yes,Good,Low,Excellent,Hospitals,Single,20.0,1176000.0
P0324,Student,City Center,27000.0,2.8,Excellent,3.0,Yes,Yes,Excellent,High,excellent,Public Transport,Single,36.0,1104000.0
P0283,Student,North Avenue,,7.9,Good,4.0,Yes,Yes,Good,Medium,Good,Hospitals,Single,62.0,180000.0
P0518,Teacher,Lake View,17000.0,8.6,Good,5.0,Yes,Yes,Good,Low,Excellent,Affordable Rent,Family,32.0,948000.0
P0544,Government,Tech Park,25000.0,5.9,Excellent,4.0,Yes,No,Excellent,Medium,Excellent,Affordable Rent,Family,22.0,528000.0
P0588,Government,Riverside,20500.0,9.8,Average,4.0,Yes,Yes,Good,Low,Good,Public Transport,Single,54.0,804000.0
P0209,Student,Riverside,20000.0,13.7,Average,4.0,Yes,Yes,Good,Low,Good,Affordable Rent,Single,27.0,564000.0
P0197,Student,Tech Park,27500.0,2.8,Excellent,4.0,Yes,No,Excellent,Medium,Excellent,Public Transport,Single,19.0,168000.0
P0078,Government,City Center,29000.0,4.7,Excellent,3.0,Yes,Yes,Excellent,High,Excellent,Quiet Environment,Single,44.0,1416000.0
P0486,Student,Tech Park,27000.0,3.9,Excellent,4.0,Yes,No,Excellent,Medium,Excellent,Safety,Single,43.0,168000.0
P0378,Teacher,Tech Park,23000.0,2.9,Excellent,4.0,Yes,No,Excellent,Medium,Excellent,Affordable Rent,Single,28.0,600000.0
P0201,Government,Lake View,22000.0,16.7,Good,5.0,Yes,Yes, Good ,Low,Excellent,Affordable Rent,Couple,41.0,600000.0
P0502,Healthcare,South Garden,15500.0,17.7,Average,3.0,No,Yes,Average,Low,Average,Affordable Rent,Single,44.0,264000.0
P0007,Government,Hill View,12000.0,17.3,Poor,4.0,No,Yes,Average,Low,Good,Safety,Family,20.0,816000.0
P0196,Finance,Green Valley,17000.0,6.2,Good,5.0,Yes,Yes,good,Low,Excellent,Short Commute,Single,52.0,1284000.0
P0266,Business,Green Valley,16500.0,7.2,Good,5.0,Yes,Yes,Good,Low,Excellent,Safety,Couple,34.0,600000.0
P0127,Self-Employed,Green Valley,19000.0,11.0,Good,5.0,Yes, Yes ,Good,Low,Excellent,Short Commute,Family,48.0,1248000.0
P0491,Government,Lake View,24500.0,12.0,Good,5.0,Yes,Yes,Good,Low,Excellent,Quiet Environment,Couple,46.0,
P0248,Business,Hill View,16500.0,14.0,Poor,4.0,No,Yes,Average,Low,Good,Public Transport,Single,22.0,996000.0
P0256,Government,North Avenue,15000.0,8.3,Good,6.0,Yes,Yes,Good,Medium,Good,Affordable Rent,Single,21.0,1200000.0
P0484,Finance,City Center,24000.0,0.5,Excellent,3.0,Yes,Yes,Excellent,High,Excellent,Affordable Rent,Couple,,708000.0
P0144,Business,South Garden,13500.0,11.2,Average,3.0,No,Yes,Average,Low,Average,Quiet Environment,Single,45.0,960000.0
P0139,Teacher,Lake View,26000.0,9.4,Good,5.0,Yes,Yes,Good,Low,Excellent,Affordable Rent,Single,19.0,948000.0
P0226,Business,Tech Park,24500.0,5.9,Excellent,4.0,Yes,No,Excellent,Medium,Excellent,Hospitals,Family,65.0,192000.0
P0012,,Green Valley,999999.0,12.2,Good,5.0,Yes,Yes,Good,Low,Excellent,Shopping Access,Single,37.0,1104000.0
P0323,Business,City Center,23000.0,7.5,Excellent,3.0,Yes,Yes,Excellent,High,Excellent,Affordable Rent,Family,45.0,564000.0
P0562,IT Professional,Green Valley,16500.0,6.3,Good,5.0,Yes,Yes,Good,Low,Excellent,Affordable Rent,Couple,23.0,1740000.0
P0215,IT Professional,City Center,33500.0,4.8,Excellent,3.0,Yes,Yes,Excellent,High,Excellent,Affordable Rent,Family,33.0,1392000.0
P0593,Business,Lake View,22500.0,8.4,Good,5.0,Yes,Yes,Good,Low,Excellent,Safety,Single,35.0,228000.0
P0269,Student,Hill View,15000.0,11.0,good,4.0,No,Yes,Average,Low,Good,Affordable Rent,Family,21.0,660000.0
P0231,Student,Tech Park,24000.0,2.4,Excellent,4.0,Yes,No,Excellent,Medium,Excellent,Safety,Couple,24.0,360000.0
P0513,IT Professional,North Avenue,17500.0,12.2,Good,4.0,Yes,Yes,Good,Medium,Good,Internet Availability,Single,24.0,864000.0
P0158,Business,South Garden,14000.0,15.3,Average,3.0,No,Yes,Average,Low,Average,Public Transport,Family,28.0,912000.0
P0330,Student,North Avenue,17000.0,9.3,Good,4.0,Yes,Yes,Good,Medium,Good,Affordable Rent,Family,32.0,888000.0
P0100,Business,City Center,26500.0,6.3,Excellent,3.0,Yes,YES,Excellent,High,Excellent,Hospitals,Couple,23.0,
P0134,Business,North Avenue,14000.0,11.9,Good,4.0,Yes,Yes,Good,Medium,Good,Short Commute,Couple,25.0,360000.0
P0159,IT Professional,Riverside,19500.0,12.3,Average,4.0,Yes,Yes,Good,Low,Good,Safety,Couple,19.0,852000.0
P0043,Student,Green Valley,20500.0,11.0,Good,5.0,Yes,Yes,Good,Low,Excellent,Hospitals,Single,43.0,948000.0
P0473,Business,City Center,30000.0,5.2,Excellent,3.0,Yes,Yes,Excellent,High,Excellent,Hospitals,Couple,38.0,216000.0
P0041,Teacher,Riverside,20000.0,13.8,Average,4.0,Yes,Yes,Good,Low,Good,Hospitals,Single,53.0,264000.0
P0019,Finance,Tech Park,26000.0,2.8,Excellent,4.0,Yes,No,Excellent, Low ,Excellent,Short Commute,Single,37.0,1128000.0
P0519,Student,Green Valley,22000.0,9.0,Good,5.0,Yes,Yes,Good,Low,Excellent,Safety,Couple,27.0,228000.0
P0199,IT Professional,Green Valley,18500.0,10.2,Good,9.0,Yes,Yes,Good, Low ,Excellent,Affordable Rent,Family,23.0,804000.0
P0504,Healthcare,North Avenue,12000.0,5.9,Good,4.0,Yes,Yes,Good,Medium,Good,Affordable Rent,Couple,24.0,300000.0
P0584,Teacher,Green Valley,16500.0,2.4,Good,5.0,Yes,Yes,Good,Low,Excellent,Affordable Rent,Family,47.0,708000.0
P0013,Student,South Garden,14000.0,9.8,Average,3.0,No,Yes,Average,Low,,Internet Availability,Couple,41.0,1536000.0
P0128,Self-Employed,North Avenue,16000.0,13.6,Good,4.0,Yes,Yes,Good,Medium,Good,Safety,Single,49.0,1980000.0
P0190,Student,North Avenue,19500.0,7.3,Good,4.0,Yes,Yes,Good,Medium,Good,Safety,Family,,1752000.0
P0235,Teacher,Hill View,16000.0,14.5,Poor,4.0,No,Yes,Average,Low,Good,Schools,Family,31.0,804000.0
P0310,IT Professional,Tech Park,25000.0,2.3,Excellent,4.0,Yes,No,Excellent,Medium,Excellent,Public Transport,,22.0,924000.0
P0192,IT Professional,North Avenue,18000.0,11.6,Good,4.0,Yes,Yes,Good,Medium,Good,Schools,Couple,51.0,768000.0
P0133,Business,City Center,29000.0,4.3,Excellent,3.0,Yes,Yes,Excellent,High,Excellent,Quiet Environment,Family,26.0,552000.0
P0387,Student,Lake View,26000.0,9.8,Good,5.0,Yes,Yes,Good,Low,,Affordable Rent,Couple,21.0,276000.0
P0338,IT Professional,Green Valley,18000.0,10.4,Good,5.0,Yes,Yes,Good,Low,Excellent,Schools,Couple,39.0,756000.0
P0321,Self-Employed,Green Valley,19500.0,10.3,Good,5.0,Yes,Yes,Good,Low,Excellent,Shopping Access,Couple,37.0,168000.0
P0036,Finance,City Center,27500.0,4.3,Excellent,3.0,Yes,Yes,Excellent,High,Excellent,Safety,Single,40.0,720000.0
P0582,Self-Employed,Riverside,19000.0,13.2,Average,4.0,Yes,Yes,Good,Low,Good,Short Commute,Single,27.0,348000.0
P0442,Self-Employed,North Avenue,18500.0,6.5,Good,4.0,Yes,Yes,Good,Medium,Good,Safety,Couple,39.0,564000.0
P0594,Business,Riverside,18500.0,12.7,Average,4.0,Yes,Yes,Good,Low,Good,Internet Availability,Couple,21.0,792000.0
P0452,Student,Lake View,23000.0,12.3,Good,5.0,Yes,Yes,Good,, Good ,Safety, Family ,62.0,912000.0
P0384,Teacher,Riverside,19000.0,7.2,Average,4.0,Yes,Yes,Good,Low,Good,Safety,Couple,24.0,780000.0
P0359,healthcare,Green Valley ,19000.0,15.1,Good,5.0,Yes,,Good,Low,Excellent,Shopping Access,Single,41.0,300000.0
P0157,Teacher,Hill View,12000.0,15.1,Poor,6.0,No,Yes,Average,Low,Good,Schools,Family,59.0,144000.0
P0406,Student,,13500.0,,Average,3.0,No,Yes,Average,Low,Average,Hospitals,Family,32.0,336000.0
P0132,IT Professional,Tech Park,25500.0,2.7,Excellent,4.0,Yes,No,Excellent,Medium,Excellent,Affordable Rent,Couple,47.0,432000.0
P0478,IT Professional,Green Valley,21000.0,7.9,Good,5.0,Yes,Yes,Good,Low,Excellent,Internet Availability,Family,30.0,516000.0
P0257,Business,Green Valley,15500.0,4.9,Good,5.0,Yes,Yes,Good,Low,Excellent,Affordable Rent,Family,33.0,1164000.0
P0088,Teacher,Riverside,23500.0,17.2,Average,4.0,Yes,Yes,Good,Low,Good,Quiet Environment,Family,42.0,1584000.0
P0137,IT Professional,Lake View,17500.0,6.6,Good,5.0,Yes,Yes,Good,Low,Excellent,Public Transport,Couple,32.0,1020000.0
P0533,IT Professional,Lake View,22000.0,12.1,Good,5.0,Yes,Yes,Good,Low,Excellent,Safety,Single,18.0,1236000.0
P0585,Business,Riverside,16000.0,11.2,Average,4.0,Yes,Yes,Good,Low,Good,Safety,Single,63.0,360000.0
P0214,IT Professional,Lake View,24000.0,11.4,Good,5.0,Yes,Yes,Good,Low,Excellent,Schools,Couple,33.0,492000.0
P0011,Student,North Avenue,17500.0,10.9,Good,4.0,Yes,Yes,Good,Medium,Good,Quiet Environment,Family,39.0,180000.0
P0274,Healthcare,Tech Park,24500.0,1.1,Excellent,4.0,yes,No,Excellent,Medium,Excellent,Shopping Access,Single,26.0,324000.0
P0277,IT Professional,Tech Park,25000.0,5.1,Excellent,4.0,Yes,No,Excellent,Medium,Excellent,Affordable Rent,Family,28.0,1056000.0
P0574,IT Professional,Tech Park,30500.0,6.8,Excellent,4.0,Yes,No,Excellent, Low ,Excellent,Schools,Family,28.0,1152000.0
P0532,Student,Lake View,22000.0,10.4,Good,5.0,,Yes,Good,Low,Excellent,Short Commute,Couple,25.0,1056000.0
P0173,IT Professional,Tech Park,26500.0,4.5,Excellent,4.0,Yes,No,Excellent,Medium,Excellent,Short Commute,Couple,36.0,372000.0
P0525,Healthcare,City Center,,1.4,Excellent,3.0,Yes,Yes,Excellent,High,Excellent,Safety,Single,32.0,960000.0
P0108,Student,Green Valley,18000.0,5.0,Good,5.0,Yes,Yes,Good,Low,Excellent,Schools,Couple,50.0,684000.0
P0572,Business,Hill View,13500.0,13.5,Poor,4.0,No,Yes,Average,Low,Good,Public Transport,Single,41.0,384000.0
P0332,IT Professional,Hill View,15500.0,13.3,Poor,4.0,No,Yes,Average,Low,Good,Short Commute,Single,33.0,852000.0
P0409,IT Professional,Green Valley,19000.0,5.4,Good,5.0,Yes,Yes,Good,Low,Excellent,Hospitals,Single,27.0,228000.0
P0521,Teacher,North Avenue,17500.0,13.6,Good,4.0,Yes,Yes,EXCELLENT,Medium,Good,Schools,Family,35.0,3000000.0
P0546,Student,South Garden,15500.0,17.6,Average,,No,Yes,Average,Low,Average,Quiet Environment,Single,40.0,432000.0
P0331,Teacher,North Avenue,16500.0,8.8,Good,4.0,Yes,Yes,Good,Medium,Good,Public Transport,Single,37.0,168000.0
P0095,IT Professional,Tech Park,27000.0,6.3,Excellent,4.0,Yes,No,Excellent,Medium,Excellent,Public Transport,Single,30.0,804000.0
P0361,IT Professional,City Center,24500.0,1.9,Excellent,3.0,Yes,Yes,Excellent,High,Excellent,Public Transport,Family,22.0,1056000.0
P0129,Business,Tech Park,28000.0,4.0,Excellent,4.0,Yes,No,Excellent,Medium,Excellent,Affordable Rent,Family,23.0,1848000.0
P0558,Student,Hill View,11000.0,17.2,Poor,4.0,No,Yes,Average,Low,Good,Affordable Rent, Family ,34.0,768000.0
P0514,Teacher,City Center,27500.0,3.8,Excellent,3.0,Yes, Yes ,Excellent,High,Excellent,Schools,Family,53.0,204000.0
P0498,Healthcare,Lake View,19500.0,12.3,Good,5.0,Yes,Yes,Good,,Excellent,Affordable Rent,Single,38.0,864000.0
P0496,Self-Employed,City Center,30500.0,4.7,Excellent,3.0,Yes,Yes,Excellent,,Excellent,Hospitals,Single,26.0,1512000.0
P0497,Government,City Center,-5000.0,1.7,Excellent,3.0, Yes ,Yes,Excellent,High,Excellent,Affordable Rent,Single,22.0,408000.0
P0025,Business,,18500.0,7.6,Good,5.0,Yes,Yes,Good,Low,Excellent,Public Transport,Family,39.0,2160000.0
P0395,Business,Tech Park,28000.0,6.4,Excellent,4.0,Yes,No,Excellent,Medium,Excellent,Safety,Single,53.0,576000.0
P0123,Self-Employed,South Garden,12500.0,15.1,Average,3.0,No,,Average,Low,Average,Affordable Rent,Single,34.0,768000.0
P0194,Government,Riverside,17000.0,11.2,Average,4.0,Yes,Yes,Good,Low,Good,Internet Availability,Couple,38.0,1104000.0
P0107,Healthcare,North Avenue,19500.0,4.1,Good,4.0,Yes,Yes,Good,Medium,Good,Affordable Rent,Single,34.0,828000.0
P0499,Healthcare,Lake View,23000.0,8.2,Good,5.0,Yes,Yes,Good,Low,Excellent,Safety,Couple,20.0,1932000.0
P0091,Student,Tech Park,31500.0,0.5,Excellent,4.0,Yes,No,Excellent,Medium,Excellent,Shopping Access,Couple,,156000.0
P0589,Student,City Center,28000.0,5.6,Excellent,3.0,Yes,Yes,Excellent,High,Excellent,Public Transport,Single,44.0,672000.0
P0276,IT Professional,Riverside,15500.0,11.2,Average,4.0,Yes,Yes,Good,Low,Good,,Single,39.0,1176000.0
P0299,IT Professional,Hill View,15500.0,15.3,Poor,4.0,No,Yes,Average,Low,Good,Schools,Couple,33.0,180000.0
P0456,Student,Green Valley,15500.0,12.7,Good,5.0,Yes,Yes,Good,Low,Excellent,Shopping Access,Couple,57.0,936000.0
P0064,Healthcare,Tech Park,26500.0,7.1,Excellent,4.0,Yes,No,Excellent,Medium,,Short Commute,Couple,46.0,1320000.0
P0082,Student,North Avenue,14500.0,3.8,Good,4.0,Yes,Yes,Good,Medium,Good,Short Commute,Single,67.0,432000.0
P0347,Teacher,Hill View,14500.0,16.2,Poor,4.0,No,Yes,Average,Low,Good,Affordable Rent,Family,39.0,1164000.0
P0061,Business,Hill View,17000.0,18.5,Poor,4.0,No,Yes,Average,Low,Good,Affordable Rent,Single,26.0,552000.0
P0106,Government,South Garden,15000.0,17.2,Average,3.0,No,Yes,Average,Low,Average,Internet Availability,Single,,1128000.0
P0171,Finance,Lake View,21000.0,15.7,Good,5.0,Yes,Yes,Good,Low,Excellent,Schools,Family,41.0,1440000.0
P0278,IT Professional,Lake View,25500.0,16.2,Good,,Yes,Yes,Good,Low,Excellent,Internet Availability,Couple,37.0,156000.0
P0065,IT Professional,City Center,27500.0,3.7,Excellent,3.0,Yes,Yes,Excellent,High,Excellent,Short Commute,Single,26.0,660000.0
P0576,IT Professional,Riverside,21000.0,14.6,Average,4.0,Yes,Yes,Good,Low,Good,Safety,Single,25.0,672000.0
P0508,Student,Green Valley,17000.0,0.7,Good,5.0,Yes,Yes,GOOD,Low,Excellent,Public Transport,Family,30.0,1140000.0
P0075,Self-Employed,Riverside,20000.0,13.5,Average,4.0,Yes,Yes,Good,Low,Good,Affordable Rent,Couple,37.0,216000.0
P0307,IT Professional,Riverside,23000.0,11.5,Average,4.0,Yes,Yes,Good,Low,Good,Quiet Environment,Family,102.0,972000.0
P0286,IT Professional,Green Valley,19500.0,7.0,Good,5.0,Yes,Yes,Good,Low,Excellent,Safety,Single,63.0,1056000.0
P0126,Government,Green Valley,17500.0,12.4,Good,5.0,Yes,yes,Good,Low,Excellent,Schools,Family,30.0,600000.0
P0339,Student,North Avenue,16000.0,8.3,Good,4.0,Yes,Yes,Good,Medium,Good,Public Transport,Single,39.0,240000.0
P0300,Healthcare,South Garden,13500.0,14.4,Average,3.0,No,Yes,Average,Low,Average,Affordable Rent,Couple,34.0,168000.0
P0434,IT Professional,Hill View,14000.0,17.7,Poor,4.0,No,Yes,Average,Low,Good,Short Commute,Single,24.0,840000.0
P0303,Teacher,City Center,33000.0,2.4,Excellent,3.0,Yes,Yes,Excellent,High,Excellent,Public Transport,family,26.0,540000.0
P0534,Business,City Center,37500.0,6.3,Excellent,3.0,Yes,Yes,Excellent,High,Excellent,Schools,Family,39.0,600000.0
P0537,Teacher,Riverside,21500.0,10.9,Average,4.0,no,Yes,Good,Low,Good,Short Commute,Single,20.0,396000.0
P0543,Teacher,Hill View,20000.0,14.0,Poor,4.0,No,Yes,Average,Low,Good,Short Commute,Family,37.0,408000.0
P0316,Government,Green Valley,16000.0,12.1,Good,5.0,Yes,Yes,Good,Low,Excellent,Schools,single,29.0,1176000.0
P0249,IT Professional,North Avenue,15000.0,7.4,Good,4.0,Yes,Yes,Good,Medium,Good,Safety,Single,49.0,432000.0
P0597,Teacher,Green Valley,19000.0,7.7,Good,5.0,Yes,yes,Good,Low,Excellent,Schools, Family ,18.0,744000.0
P0163,Government,Tech Park,30500.0,6.8,Excellent,4.0,Yes,No,Excellent,Medium,Excellent,Shopping Access,Single,25.0,144000.0
P0251,Business,Hill View,14000.0,18.8,Poor,4.0,No,yes,Average,Low,Good,Quiet Environment,Family,31.0,1080000.0
P0089,Healthcare,Riverside,19500.0,12.4,Average,4.0,Yes,Yes,Good,Low,Good,Affordable Rent,Couple,39.0,492000.0
P0053,Teacher,North Avenue,18000.0,10.6,Good,4.0,Yes,Yes,Good,Medium,Good,Public Transport,Couple,51.0,468000.0
P0386,Finance,Tech Park,24500.0,0.5,Excellent,4.0,Yes,No,Excellent,Medium,Excellent,Internet Availability,Couple,25.0,396000.0
P0529,IT Professional,Tech Park,26500.0,4.8,Excellent,4.0,Yes,No,Excellent,Medium, Good ,Shopping Access,Couple,25.0,1032000.0
P0319,Finance,Green Valley,19000.0,8.2,Good,5.0,Yes,Yes,Good,Low,Excellent,Quiet Environment,Family,36.0,228000.0
P0400,Teacher,Lake View,22000.0,10.0,Good,5.0,Yes,yes,Good,Low,Excellent,Schools,Single,48.0,1404000.0
P0510,Finance,Tech Park,24500.0,9.2,Excellent,4.0,Yes,No,Excellent,Medium,Excellent,Quiet Environment,Couple,25.0,636000.0
P0563,Government,Green Valley,15500.0,7.9,Good,5.0,Yes,Yes,Good,Low,Excellent,Hospitals,Single,29.0,900000.0
P0138,Government,City Center,35000.0,7.4,Excellent,3.0,Yes,Yes,Excellent,High,Excellent,Shopping Access,Single,46.0,1416000.0
P0555,Teacher,Green Valley,18000.0,7.5,Good,5.0,Yes,Yes,Good,Low,Excellent,Affordable Rent,Single,18.0,804000.0
P0570,Teacher,City Center,26500.0,4.6,Excellent,3.0,Yes,Yes,Excellent,High,Excellent,Public Transport,Family,23.0,984000.0
P0047,IT Professional,Lake View,19500.0,9.2,Good,5.0,Yes,Yes,,Low,Excellent,Safety,Single,63.0,1740000.0
P0506,IT Professional,City Center,32500.0,2.4,Excellent,3.0,Yes,Yes,Excellent,High,Excellent,Public Transport,Single,54.0,228000.0
P0351,Healthcare,South Garden,11500.0,13.7,Average,3.0,No,Yes,Average,Low,Average,Affordable Rent,,30.0,444000.0
P0566,Healthcare,Green Valley,18000.0,3.8,Good,5.0,Yes,Yes,Good,Low,Excellent,Schools,Couple,20.0,2124000.0
P0054,Student,Green Valley,17500.0,14.8,Good,5.0,Yes,Yes,Good,Low,Excellent,Schools,Single,42.0,264000.0
P0141,IT Professional,Hill View,14500.0,10.5,Poor,4.0,No,Yes,Average,Low,Good,Safety,Couple,34.0,816000.0
P0342,IT Professional,City Center,30500.0,6.9,Excellent,3.0,Yes,Yes,Excellent,High,Excellent,Public Transport,Couple,44.0,1272000.0
P0181,Self-Employed,North Avenue,14500.0,7.0,Good,4.0,Yes,Yes,Good,Medium,Good,,Family,25.0,1164000.0
P0005,Teacher,South Garden,-5000.0,13.2,Average,3.0,No,Yes,Average,Low,Average,Quiet Environment,Couple,31.0,2052000.0
P0483,Student,Hill View,16000.0,12.5,Poor,4.0,,Yes,Average,Low,Good,Public Transport,Couple,30.0,204000.0
P0327,IT Professional,City Center,32500.0,2.5,Excellent,3.0,Yes,Yes,Excellent,High,Excellent,Hospitals,Couple,54.0,288000.0
P0066,Finance,,21000.0,11.8,Average,4.0,Yes,Yes,Good,Low,Good,Hospitals,Family,48.0,396000.0
P0554,Teacher,North Avenue,17000.0,15.3,Good,4.0,Yes,Yes,Good,Medium,Good,Public Transport,Single,54.0,
P0587,Student,Tech Park,29000.0,6.1,Excellent,4.0,yes,No,Excellent,Medium,Excellent,Quiet Environment,Family,21.0,1152000.0
P0170,Government,Hill View,16000.0,13.1,Poor,4.0,No,Yes,Average,Low,Good,Hospitals,Family,41.0,624000.0
P0390,IT Professional,North Avenue,18000.0,8.6,Good,4.0,Yes,Yes,Good,Medium,Good,Affordable Rent,Family,65.0,768000.0
P0348,Teacher,Riverside,20000.0,10.2,Average,4.0,Yes,Yes,Good,Low,Good,Short Commute,Single,36.0,768000.0
P0450,Student,Tech Park,28500.0,5.0,Excellent,4.0,Yes,No,Excellent,Medium,Excellent,Affordable Rent,Family,50.0,1728000.0
P0368,IT Professional,Hill View,16500.0,16.4,Poor,4.0,No,Yes,Average,Low,Good,Quiet Environment,Couple,33.0,240000.0
P0350,Government,Tech Park,25000.0,3.5,Excellent,4.0,Yes,No,Excellent,Medium,Excellent,Affordable Rent,Couple,39.0,600000.0
P0279,IT Professional,Green Valley,17000.0,9.9,Good,5.0,Yes,Yes,Good,Low,Excellent,Public Transport,Family,31.0,
P0371,Government,Lake View,22500.0,10.8,Good,5.0,Yes,Yes,Good,Low, Good ,Safety,Couple,49.0,240000.0
P0424,Teacher,Riverside,23500.0,12.1,Average,4.0,Yes,Yes,Good,Low,Good,Short Commute,Family,30.0,1092000.0
P0421,Teacher,Lake View,27000.0,9.5,Good,5.0,Yes,Yes,Good,Low,Excellent,Short Commute,Couple,55.0,1344000.0
P0027,Healthcare,Green Valley,14000.0,9.4,Good,5.0,Yes,Yes,Good,Low,Excellent,Hospitals,Couple,41.0,192000.0
P0179,Healthcare,City Center,24000.0,0.5, Good ,3.0,Yes,Yes,Excellent,High,Excellent,Schools,Single,35.0,1644000.0
P0564,Finance,Tech Park,26000.0,,Excellent,4.0,Yes,No,Excellent,Medium,Excellent,Shopping Access,Family,20.0,912000.0
P0578,IT Professional,North Avenue,16000.0,11.0,,4.0,Yes,Yes,Good,Medium,Good,Affordable Rent,Family,23.0,1320000.0
P0425,Healthcare,Tech Park,25500.0,3.2,Excellent,4.0,Yes,No,Excellent,Medium,Excellent,Quiet Environment,Couple,20.0,816000.0
P0164,IT Professional,Lake View,20500.0,6.3,Good,5.0,Yes,Yes,Good,Low,Excellent,Schools,Family,39.0,912000.0
P0133,business,City Center ,29000.0,4.3,Excellent,3.0,Yes,Yes,Excellent,High,Excellent,Quiet Environment,Family,26.0,324000.0
P0591,Healthcare,Riverside,20500.0,14.5,Average,4.0,Yes,Yes,Good,Low,Good,Safety,Single,20.0,2004000.0
P0557,Self-Employed,Green Valley,19500.0,9.9,Good,5.0,Yes,Yes,Good,Low,Excellent,Public Transport,Couple,24.0,1068000.0
P0218,Healthcare,North Avenue,18000.0,9.2,Good,4.0,Yes,Yes,Good,Medium,Good,Quiet Environment,Family,21.0,252000.0
P0422,Healthcare,Tech Park,24000.0,5.9,Excellent,4.0,Yes,No,Excellent,Medium,Excellent,Hospitals,Single,30.0,936000.0
P0575,IT Professional,Riverside,21000.0,11.9,Average,4.0,Yes,Yes,Good,Low,Good,Shopping Access,Couple,22.0,1788000.0
P0376,Teacher,City Center,32500.0,2.0,Excellent,3.0,Yes,Yes,Excellent,High,Excellent,Affordable Rent,Couple,55.0,2076000.0
P0490,Government,Tech Park,27500.0,2.0,Excellent,4.0,Yes,No,Excellent,Medium,Excellent,Public Transport,Single,43.0,768000.0
P0480,Student,Lake View,22500.0,10.9,Good,5.0,Yes,Yes,Good,Low,Excellent,Safety,Single,40.0,252000.0
P0150,Business,City Center,29500.0,5.1,Excellent,3.0,Yes,Yes,GOOD,High,Excellent,Safety,Family,38.0,480000.0
P0495,Teacher,Hill View,14500.0,17.0,Poor,4.0,No,Yes,EXCELLENT,Low,Good,Affordable Rent,Family,53.0,240000.0
P0309,IT Professional,North Avenue,16500.0,10.4,Good,4.0,Yes,Yes,Good,Medium,Good,Hospitals,Couple,35.0,144000.0
P0253,IT Professional,Tech Park,25000.0,8.7,Excellent,4.0,Yes,No,Excellent,Medium,Excellent,Internet Availability,Single,23.0,648000.0
P0311,IT Professional,Hill View,17500.0,14.4,Poor,4.0,No,Yes,Average,Low,Good,Shopping Access,Single,36.0,204000.0
P0035,IT Professional,Riverside,21000.0,12.2,Average,4.0,Yes,Yes,Good,Low,Good,Safety,Couple,47.0,948000.0
P0441,IT Professional,North Avenue,19500.0,8.2,Good,4.0,Yes,Yes,Good,Medium,Good,Safety,Family,64.0,900000.0
P0111,Student,Green Valley,15500.0,5.5,Good,5.0,Yes,Yes,Good,Low,Excellent,Hospitals,Single,18.0,336000.0
P0228,IT Professional,Green Valley,19000.0,6.9,Good,5.0,Yes,Yes,Good,Low,Excellent,Schools,Couple,36.0,216000.0
P0443,Teacher,Riverside,23000.0,14.4,Average,4.0,Yes,Yes,Good,Low,Good,Affordable Rent,Couple,18.0,924000.0
P0541,Finance,City Center,23000.0,1.8,Excellent,3.0,Yes,Yes,Excellent,High,Excellent,Public Transport,Couple,37.0,660000.0
P0451,Finance,Green Valley,18000.0,10.6,Good,5.0,Yes,Yes,Good,Low,Excellent,Affordable Rent,Family,33.0,504000.0
P0553,Self-Employed,Lake View,20500.0,10.9,Good,5.0,Yes,Yes,Good,Low,Excellent,Affordable Rent,Couple,40.0,696000.0
P0151,IT Professional,Green Valley,15000.0,8.1,Good,5.0,Yes,Yes,Good,Low,Excellent,Hospitals,Family,34.0,1224000.0
P0143,Healthcare,Riverside,15500.0,9.7,Average,4.0,Yes,Yes,Good,Low,Good,Safety,Family,23.0,912000.0
P0396,Teacher,Riverside,21000.0,7.8,Average,4.0,Yes,Yes,Good,Low,Good,Affordable Rent,Family,29.0,1308000.0
P0296,Healthcare,North Avenue,16500.0,10.8,Good,4.0,Yes,Yes,Good,Medium,Good,Affordable Rent,Family,45.0,588000.0
P0377,Government,Tech Park,27500.0,0.5,Excellent,4.0,Yes,No,Excellent,Medium,Excellent,Short Commute,Couple,31.0,828000.0
P0272,Teacher,City Center,26500.0,4.5,EXCELLENT,3.0,no,Yes,Excellent,High,Excellent,Shopping Access,Family,44.0,240000.0
P0552,Business,Hill View,14000.0,12.8,Poor,4.0,No,Yes,,Low,Good,Affordable Rent,Single,19.0,636000.0
P0459,Self-Employed,Hill View,12500.0,11.2,Poor,4.0,No,Yes,Average,Low,Good,Internet Availability,Single,40.0,276000.0
P0001,Business,Tech Park,25000.0,0.5,Excellent,4.0,Yes,No,Excellent,Medium,,Shopping Access,Single,21.0,420000.0
P0336,Self-Employed,South Garden,14000.0,12.4,GOOD,3.0,No,,Average,Low,Average,Safety,Single,41.0,864000.0
P0405,Healthcare,Green Valley,17500.0,7.3,Good,5.0,Yes,Yes,Good,Low,Excellent,Short Commute,Couple,51.0,168000.0
P0485,IT Professional,Riverside,22500.0,7.1,Average,4.0,Yes,Yes,Good,Low,Good,Hospitals,Single,19.0,1008000.0
P0304,IT Professional,City Center,25000.0,1.2,Excellent,3.0,Yes,Yes,Excellent,High,Excellent,Safety,Single,31.0,1080000.0
P0440,Business,Hill View,15000.0,13.9,Poor,4.0,No,Yes,Average,Low,Good,Public Transport,Family,28.0,684000.0
P0175,IT Professional,Riverside,18000.0,11.5,Average,4.0,Yes,Yes,Good,Low,Good,Short Commute,Single,27.0,1020000.0
P0561,Teacher,City Center,24500.0,4.1,Excellent,3.0,Yes,Yes,Excellent,High,Excellent,Safety,Family,37.0,1908000.0
P0177,Healthcare,City Center,31500.0,3.8,Excellent,3.0,Yes,Yes,Excellent,High,Excellent,Short Commute,Family,33.0,276000.0
P0505,Student,North Avenue,16500.0,8.5,Good,4.0,Yes,Yes,Good,Medium,Good,Hospitals,Couple,18.0,1572000.0
P0545,Government,Hill View,13000.0,13.8,Poor,4.0,No,Yes,Average,Low,Good,Quiet Environment,Family,33.0,1812000.0
P0302,Business,Tech Park,21500.0,5.7,Excellent,4.0,Yes,No,Excellent,Medium,Excellent,Affordable Rent,Family,23.0,1560000.0
P0223,Business,City Center,21000.0,3.1,Excellent,3.0,Yes,Yes,Excellent,High,GOOD,Safety,Family,33.0,1980000.0
P0241,Student,Green Valley,19000.0,5.6,Good,5.0,Yes,Yes,Good,Low,Excellent,,Single,21.0,420000.0
P0156,Student,Tech Park,23500.0,3.7,Excellent,4.0,Yes,No,Excellent,Medium,Excellent,Safety,Family,39.0,216000.0
P0346,Self-Employed,Hill View,18000.0,11.7,Poor,4.0,No,Yes,Average,Low,Good,Hospitals,Couple,47.0,312000.0
P0507,IT Professional,Tech Park,26500.0,4.8,Excellent,4.0,Yes,No,Excellent,Medium,Excellent,Affordable Rent,Family,48.0,480000.0
P0288,IT Professional,North Avenue,16000.0,6.3,Good,4.0,Yes,Yes,Good,Medium,Good,,Family,18.0,180000.0
P0523,Student,Tech Park,27500.0,2.9,Excellent,4.0,Yes,No,Excellent,Medium,Excellent,Internet Availability,Family,45.0,1128000.0
P0186,Finance,Hill View,14000.0,14.9,Poor,4.0,No,Yes,Average,Low,Good,Schools,Couple,29.0,168000.0
P0238,Teacher,South Garden,14000.0,12.8,Average,3.0,No,Yes,Average,Low,Average,Shopping Access,Couple,22.0,228000.0
P0147,Government,Tech Park,27000.0,0.5,Excellent,4.0,Yes,No,Excellent,Medium,Excellent,Safety,Single,21.0,1488000.0
P0404,Healthcare,Green Valley,22500.0,7.1,Good,5.0,Yes,Yes,Good,Low,Excellent,Safety,Couple,41.0,588000.0
P0341,IT Professional,Green Valley,18000.0,8.1,Good,5.0,Yes,Yes,Good,Low,Excellent,Safety,Single,39.0,936000.0
P0460,Teacher,Green Valley,17000.0,4.1,Good,5.0,Yes,Yes,Good,Low,Excellent,Safety,Couple,60.0,516000.0
P0343,Self-Employed,City Center,31500.0,1.2,Excellent,3.0,Yes,Yes,Excellent,High,Excellent,Safety,Couple,27.0,480000.0
P0526,IT Professional,City Center,31500.0,12.5,Excellent,3.0,Yes,Yes,Excellent,High,Excellent,Safety,Family,34.0,
P0105,IT Professional,Lake View,19500.0,4.2,Good,5.0,Yes,Yes,,Low,excellent,Internet Availability,Family,46.0,2100000.0
P0411,Healthcare,North Avenue,15000.0,5.6,Good,4.0,Yes,Yes,Good,Medium,Good,Safety,Couple,27.0,744000.0
P0010,Healthcare,South Garden,17000.0,13.2,Average,3.0,No,Yes,Average,Low,Average,Short Commute,Family,33.0,228000.0
P0531,IT Professional,Tech Park,25500.0,4.4,Excellent,4.0,Yes,No,Excellent,Medium,Excellent,Safety,Family,55.0,2004000.0
P0109,Healthcare,Riverside,17500.0,10.6,Average,4.0,Yes,Yes,Good,Low,Good,Public Transport,Single,,1224000.0
P0167,Business,City Center,27500.0,0.5,Excellent,3.0,Yes,Yes,Excellent,MEDIUM,Excellent,Safety,Couple,65.0,480000.0
P0148,Business,Tech Park,28000.0,1.6,Excellent,4.0,Yes,No,Excellent,Medium,Excellent,Safety,Single,33.0,972000.0
P0556,Teacher,Lake View,20500.0,10.4,Good,5.0,Yes,Yes,Good,Low,Excellent,Schools,Family,29.0,1044000.0
P0014,Self-Employed,,25000.0,9.8,Excellent,4.0,Yes,No,Excellent,Medium,Excellent,Schools,Family,30.0,1176000.0
P0453,IT Professional,Tech Park,24000.0,1.5,Excellent,4.0,Yes,No,Excellent,Medium,Excellent,Public Transport,Couple,53.0,612000.0
P0121,Finance,Lake View,22500.0,12.9,Good,5.0,Yes,Yes,Good,Low,Excellent,Safety,Single,30.0,792000.0
P0483,Student,Hill View,16000.0,12.5,Poor,4.0,,Yes,Average,Low,Good,Public Transport,Couple,25.0,228000.0
P0224,Teacher,Riverside,20000.0,7.4,Average,4.0,Yes,Yes,Good,Low,Good,Schools,Family,25.0,1200000.0
P0565,,Riverside,21500.0,13.4,Average,4.0,Yes,Yes,Good,Low,Good,Short Commute,Couple,38.0,168000.0
P0287,IT Professional,Riverside,20500.0,13.5,Average,4.0,Yes,Yes,Good,Low,Good,Affordable Rent,Single,21.0,708000.0
P0239,Teacher,North Avenue,19500.0,10.6,Good,4.0,Yes,Yes,Good,Medium,Good,Short Commute,Family,35.0,180000.0
P0244,Self-Employed,Hill View,16500.0,15.4,Poor,4.0,No,Yes,Average,Low,Good,Internet Availability,Single,28.0,1992000.0
P0037,Self-Employed,North Avenue,17500.0,9.2,Good,4.0,Yes,Yes,Good,Medium,Good,Safety,Single,33.0,720000.0
P0229,Government,City Center,32500.0,6.2,GOOD,3.0,Yes,Yes,GOOD,High,Excellent,Affordable Rent,Single,37.0,396000.0
P0069,Self-Employed,City Center,31500.0,1.2,Excellent,3.0,Yes,Yes,Excellent,High,Excellent,Quiet Environment,Family,41.0,588000.0
P0233,Healthcare,City Center,28500.0,3.3,Excellent,3.0,Yes,Yes,Excellent,High,Excellent,Affordable Rent,Couple,30.0,756000.0
P0268,IT Professional,Green Valley,16500.0,3.9,Good,5.0,Yes,Yes,Good,Low,Excellent,Schools,SINGLE,38.0,576000.0
P0353,Healthcare,Tech Park,23000.0,0.8,Excellent,4.0,Yes,No,Excellent,Medium,Excellent,Public Transport,Couple,43.0,816000.0
P0509,government,City Center ,29500.0,0.5,Excellent,3.0,Yes,Yes,Excellent,High,Excellent,Quiet Environment,Couple,39.0,144000.0
P0445,,City Center,28500.0,7.6,Excellent,3.0,Yes,Yes,Excellent,High,Excellent,Internet Availability,Couple,30.0,732000.0
P0282,Student,South Garden,14000.0,12.3,Average,3.0,No,Yes,Average,Low,Average,Affordable Rent,Single,24.0,1128000.0
P0119,Business,North Avenue,18500.0,11.1,Good,4.0,Yes,Yes,Good,Medium,Good,Schools,Couple,28.0,792000.0
P0130,Government,Tech Park,28000.0,3.8,Excellent,4.0,Yes,No,Excellent,Medium,Excellent,Affordable Rent,Couple,60.0,360000.0
P0314,Student,Hill View,16000.0,17.7,Poor,4.0,No,Yes, Good ,Low,Good,Hospitals,Couple,20.0,
P0083,IT Professional,Riverside,19500.0,11.1,Average,4.0,Yes,Yes,Good,Low,Good,Short Commute,Couple,52.0,1092000.0
P0180,Teacher,Lake View,21500.0,8.2,Good,5.0,Yes,Yes,Good,Low,Excellent,Affordable Rent,Single,52.0,336000.0
P0213,Finance,North Avenue,17500.0,9.6,Good,4.0,Yes,Yes,Good,Medium,Good,Safety,Single,43.0,2064000.0
P0438,IT Professional,City Center,24500.0,2.2,Excellent,3.0,Yes,Yes,Excellent,High,Excellent,Short Commute,Couple,42.0,1764000.0
P0398,,City Center,26500.0,7.9,Excellent,3.0,Yes,Yes,Excellent,High,Excellent,Internet Availability,Single,44.0,600000.0
P0068,IT Professional,Lake View,22500.0,12.7,Good,5.0,Yes,Yes,Good,Low,Excellent,Shopping Access,Family,59.0,672000.0
P0448,IT Professional,North Avenue,17500.0,5.2,Good,4.0,Yes,Yes,Good,Medium,Good,Safety,Couple,28.0,252000.0
P0060,Business,Riverside,22500.0,12.9,Average,4.0,Yes,Yes,Good,Low,Good,Quiet Environment,Family,47.0,624000.0
P0463,Healthcare,City Center,28500.0,3.8,Excellent,3.0,Yes,Yes,Excellent,High,Excellent,Public Transport, Family ,65.0,240000.0
P0046,IT Professional,City Center,33000.0,2.4,Excellent,3.0,Yes,Yes,,High,Excellent,Internet Availability,Couple,31.0,960000.0
P0520,IT Professional,Green Valley,16500.0,5.7,Good,5.0,Yes,Yes,Good,Low,Excellent,Quiet Environment,Family,27.0,228000.0
P0298,IT Professional,North Avenue,22000.0,12.0,Good,4.0,Yes,Yes,Good,Medium,Good,Internet Availability,Couple,32.0,216000.0
P0408,,South Garden,15500.0,13.3,Average,3.0,,Yes,Average,Low,Average,Safety,Couple,35.0,1200000.0
P0242,Finance,North Avenue,13500.0,5.9,Good,4.0,Yes,Yes,Good,Medium,Good,Quiet Environment,Couple,60.0,1368000.0
P0600,Teacher,North Avenue,19500.0,10.9,Good,4.0,Yes,Yes,Good,Medium,Good,Safety,Single,68.0,900000.0
P0423,Student,Riverside,20000.0,12.1,Average,4.0,Yes,Yes,Good,Low,Good,Safety,Couple,43.0,336000.0
P0193,Self-Employed,Green Valley,,10.4,Good,5.0,Yes,Yes,Good,Low,Excellent,Safety,Family,41.0,1200000.0
P0225,IT Professional,Riverside,18500.0,7.6,Average,4.0,Yes,Yes,Good,Low,Good,Quiet Environment,Single,35.0,1836000.0
P0477,Finance,City Center,29000.0,1.9,Excellent,3.0,Yes,Yes,Excellent,High,Excellent,Schools,Family,27.0,1812000.0
P0154,Student,City Center,28500.0,6.9,GOOD,3.0,Yes,Yes,Excellent,High,Excellent,Quiet Environment,Single,36.0,1200000.0
P0538,Finance,North Avenue,15000.0,8.4,Good,4.0,Yes,Yes,Good,Medium,Good,Affordable Rent,Couple,29.0,384000.0
P0363,Government,City Center,27000.0,4.6,Excellent,3.0,Yes,no,Excellent,High,Excellent,Schools,Couple,40.0,1500000.0
P0188,Finance,City Center,29500.0,5.8,Excellent,3.0,Yes,Yes,Excellent,High,Excellent,Hospitals,Family,53.0,1272000.0
P0455,IT Professional,Green Valley,20000.0,12.0,Good,5.0,Yes,Yes,Good,Low,Excellent,Schools,Single,39.0,696000.0
P0435,Teacher,South Garden,14000.0,14.9,Average,3.0,No,Yes,Average,Low,Average,Short Commute,Single,27.0,1188000.0
P0094,Student,Tech Park,22500.0,4.4,Excellent,4.0, Yes ,No,Excellent,Medium,Excellent,Affordable Rent,Single,23.0,600000.0
P0369,Teacher,North Avenue,18500.0,5.9,Good,4.0,Yes,Yes,Good,Medium,,Safety,Family,26.0,660000.0
P0124,Teacher,Green Valley,20000.0,4.3,Good,5.0,Yes,Yes,Good,Low,Excellent,Public Transport,Couple,25.0,792000.0
P0326,Business,City Center,25000.0,4.2,Excellent,3.0,Yes,Yes,Excellent,High,Excellent,Safety,Single,33.0,996000.0
P0168,Teacher,Hill View,15500.0,19.8,Poor,4.0,No,Yes,Average,Low,Good,Hospitals,,19.0,432000.0
P0060,Business,Riverside,22500.0,12.9,Average,4.0,Yes,Yes,Good,Low,Good,Quiet Environment,Family,54.0,624000.0
P0475,Teacher,Green Valley,20000.0,5.6,Good,5.0,Yes,Yes,Good,Low,Excellent,Schools,Family,39.0,192000.0
P0049,Healthcare,Tech Park,28000.0,7.3,Excellent,4.0,Yes,No,Excellent,Medium,Excellent,Public Transport,Couple,22.0,168000.0
P0393,Finance,Green Valley,17000.0,13.0,Good,5.0,Yes,Yes,Good,Low,Excellent,Affordable Rent,Couple,18.0,612000.0
P0449,Finance,Lake View,22500.0,12.2,Good,5.0,Yes,Yes,Good, Low ,Excellent,Affordable Rent,Couple,41.0,972000.0
P0232,Student,City Center,29000.0,6.8,Excellent,3.0,Yes,Yes,Excellent,High,Excellent,Safety,Couple,51.0,864000.0
P0417,Business,City Center,29500.0,4.0,Excellent,3.0,Yes,Yes,Excellent,High,Excellent,Hospitals,Single,43.0,2160000.0
P0472,IT Professional,City Center,29000.0,2.9,Excellent,3.0,Yes,Yes,Excellent,High,Excellent,Safety,Family,22.0,600000.0
P0394,Self-Employed,City Center,26000.0,9.3,Excellent,9.0,Yes,Yes,Excellent,High,Excellent,Safety,Single,47.0,564000.0
P0203,Student,Green Valley,15000.0,6.4,Good,5.0,Yes,yes,Good,Low,Excellent,Short Commute,Family,53.0,240000.0
P0220,Teacher,South Garden,12500.0,14.5,Average,3.0,No,Yes,Average,MEDIUM,Average,Schools,Single,26.0,156000.0
P0052,Teacher,South Garden,14000.0,10.6,Average,3.0,No,Yes,Average,Low,Average,Hospitals,Single,36.0,768000.0
P0118,Finance,Lake View,22500.0,11.1,excellent,5.0,Yes,Yes,Good,Low,Excellent,Schools,Couple,27.0,504000.0
P0447,IT Professional,Green Valley,18000.0,5.7,Good,5.0,Yes,Yes,Good,Low,Excellent,Public Transport,Single,23.0,1152000.0
P0317,IT Professional,Green Valley,18500.0,12.1, Good ,5.0,Yes,Yes,Good,Low,Excellent,Short Commute,Single,41.0,612000.0
P0071,Student,Riverside,21000.0,13.9,Average,4.0,Yes,Yes,Good,Low,Good,Safety, Family ,102.0,732000.0
P0320,IT Professional,Green Valley,20000.0,11.2,Good,5.0,Yes,Yes,Good,Low,Excellent,Hospitals,Family,53.0,1164000.0
P0379,Teacher,Green Valley,19000.0,8.1,Good,5.0,Yes,Yes,Good,Low,Excellent,Internet Availability,Family,59.0,1068000.0
P0021,,City Center,28000.0,4.3,Excellent,3.0,Yes,Yes,Excellent,High,Excellent,Short Commute,Single,20.0,240000.0
P0470,Finance,Green Valley,18500.0,5.2,Good,5.0,Yes,Yes,Good,Low,Excellent,Internet Availability,Single,25.0,264000.0
P0210,IT Professional,City Center,25500.0,4.2,Excellent,3.0,Yes,Yes,Excellent,High,Excellent,Affordable Rent,Single,34.0,612000.0
P0267,IT Professional,South Garden,12000.0,9.5,Average,3.0,No,Yes,Average,Low,Average,Internet Availability,Couple,28.0,372000.0
P0098,Self-Employed,Riverside,18000.0,10.4,Average,4.0,Yes,,Good,Low,Good,Safety,Couple,57.0,840000.0
P0090,,Lake View,,7.0,Good,5.0,Yes,Yes,Good,Low,Excellent,Safety,Family,20.0,1932000.0
P0172,Student,South Garden,14500.0,17.3,,3.0,No,Yes,Average,Low,Average,Short Commute,Couple,29.0,912000.0
P0471,Government,Riverside,24000.0,8.1,Average,4.0,Yes,Yes,Good,Low,Good,Short Commute,Couple,102.0,192000.0
P0474,Healthcare,City Center,26500.0,0.5,Excellent,3.0,Yes,Yes,Excellent,low,Excellent,Affordable Rent,Couple,20.0,624000.0
P0273,Business,Riverside,19500.0,11.5,Average,4.0,Yes,Yes,Good,Low,Good,Short Commute,Couple,40.0,168000.0
P0329,Self-Employed,City Center,27000.0,5.5,Excellent,3.0,Yes,Yes,Excellent,High,Excellent,Safety,Family,19.0,1296000.0
P0033,Self-Employed,Green Valley,16500.0,6.7,Good,5.0,Yes,Yes,Good,,Excellent,Shopping Access,Family,41.0,396000.0
P0503,Government,City Center,27500.0,7.1,Excellent,3.0,Yes,Yes,Excellent,High,Excellent,Safety,SINGLE,38.0,180000.0
P0183,Healthcare,City Center,29500.0,4.4,Excellent,3.0,Yes,Yes,Excellent,High,Excellent,Affordable Rent,Single,25.0,900000.0
P0099,Teacher,North Avenue,19000.0,11.1,Good,4.0,Yes,Yes,Good,Medium,Good,Hospitals,Single,44.0,1008000.0
P0509,Government,City Center,29500.0,0.5,Excellent,3.0,Yes,Yes,Excellent,High,Excellent,Quiet Environment,Couple,42.0,252000.0
P0023,IT Professional,Tech Park,28500.0,7.2,Excellent,4.0,Yes,No,Excellent,Medium,Excellent,Safety,Family,21.0,840000.0
P0039,,South Garden,14000.0,14.5,Average,3.0,No,Yes,Average,Low,Average,Quiet Environment,Family,50.0,612000.0
P0096,Healthcare,Tech Park,21500.0,5.6,Excellent,4.0,Yes,No,Excellent,Medium,Excellent,Public Transport,Single,24.0,228000.0
P0354,Healthcare,Green Valley,18000.0,-2.0,Good,5.0,Yes,Yes,Good,Low,Excellent,Hospitals,Family,24.0,696000.0
P0265,Business,South Garden,14000.0,9.1,Average,3.0,No,Yes,Average,Low,Average,Hospitals,Family,53.0,924000.0
P0340,Business,North Avenue,-5000.0,8.9,Good,4.0,Yes,Yes,Good,Medium,Good,Schools,Couple,37.0,2028000.0
P0420,Self-Employed,Green Valley,21500.0,8.7,Good,5.0,Yes,Yes,Good,Low,Excellent,Short Commute,Couple,66.0,960000.0
P0086,Government,Lake View,20500.0,8.8,Good,5.0,Yes,Yes,Good,Low,Excellent,Internet Availability,Family,22.0,240000.0
P0370,IT Professional,Green Valley,17000.0,9.4,Good,5.0,Yes,Yes,Good,Low,Excellent,Public Transport,Couple,18.0,540000.0
P0270,IT Professional,Hill View,15500.0,13.2,Poor,4.0,No,Yes,Average,Low,Good,Affordable Rent,Single,,1992000.0
P0419,IT Professional,South Garden,14500.0,12.3,Average,3.0,No,Yes,Average,Low,Average,Short Commute,Couple,19.0,252000.0
P0402,Student,North Avenue,15000.0,6.9,Good,4.0,Yes,Yes,Good,Medium,Good,Public Transport,Family,40.0,240000.0
P0230,Government,Lake View,18000.0,9.1,Good,5.0,Yes,Yes,,Low,Excellent,Safety,Family,33.0,180000.0
P0034,Student,Green Valley,19000.0,,Good,5.0,Yes,Yes,Good,Low,Excellent,Schools,Single,27.0,1956000.0
P0433,Government,Green Valley,20000.0,7.5,Good,5.0,Yes,Yes,Good,Low,Excellent,Safety,Couple,57.0,612000.0
P0216,Self-Employed,Hill View,16500.0,15.9,Poor,4.0,No,Yes,GOOD,Low,Good,Hospitals,Single,18.0,2028000.0
P0595,Teacher,Green Valley,17000.0,7.8,Good,5.0,Yes,Yes,Good,Low,Excellent,Safety,Single,26.0,732000.0
P0365,Student,City Center,26000.0,8.5,Excellent,3.0,Yes,Yes,Excellent,High,Excellent,Hospitals,Family,,1548000.0
P0360,Teacher,City Center,30500.0,4.1,Excellent,3.0,Yes,Yes,Excellent,High,Excellent,Schools,Couple,43.0,2016000.0
P0271,Healthcare,South Garden,12500.0,13.3,Average,3.0,No,Yes,Average,Low,Average,Hospitals,Family,25.0,1800000.0
P0583,Healthcare,Green Valley,20000.0,9.9,Good,5.0,Yes,Yes,Good,Low,Excellent,Short Commute,Couple,40.0,1068000.0
P0070,IT Professional,Green Valley,19000.0,7.1,Good,5.0,Yes,Yes,Good,Low,Excellent,Short Commute,Family,56.0,624000.0
P0515,Student,Lake View,14500.0,9.3,Good,,Yes,Yes,Good,Low,Excellent,Quiet Environment,Couple,20.0,684000.0
P0020,Business,Green Valley,18500.0,6.9,Good,5.0,Yes,Yes,Good,Low,Excellent,Safety,Couple,49.0,612000.0
P0501,Student,Riverside,20000.0,10.2,Average,4.0,Yes,Yes,Good,Low,Good,Affordable Rent,Single,19.0,144000.0
P0189,Healthcare,Green Valley,18000.0,9.0,Good,5.0,Yes,Yes,Good,Low,Excellent,Public Transport,Family,33.0,1056000.0
P0113,Student,City Center,28000.0,1.0,Excellent,3.0,Yes,Yes,Excellent,High,Excellent,Schools,Family,47.0,216000.0
P0308,IT Professional,Tech Park,29000.0,7.8,Excellent,4.0,Yes,No,Excellent,Medium,Excellent,Public Transport,Couple,22.0,1104000.0
P0479,Government,Tech Park,24000.0,3.7,Excellent,4.0,Yes,No,Excellent,Medium,,Affordable Rent,Single,34.0,324000.0
P0253,IT Professional,Tech Park,25000.0,8.7,Excellent,4.0,Yes,No,Excellent,Medium,Excellent,Internet Availability,Single,19.0,768000.0
P0335,Self-Employed,Green Valley,19500.0,7.2,Good,5.0,Yes,Yes,Good,medium,Excellent,Affordable Rent,Family,27.0,852000.0
P0163,Government,Tech Park,30500.0,6.8,Excellent,4.0,Yes,No,Excellent,Medium,Excellent,Shopping Access,Single,26.0,252000.0
P0044,Student,Hill View,14000.0,21.0,Poor,4.0,No,Yes,Average,Low,Good,Schools,Single,20.0,168000.0
P0599,Finance,Hill View,18500.0,14.6,Poor,4.0,No,Yes,Average,Low,Good,Schools,Single,42.0,360000.0
P0067,Healthcare,Hill View,13500.0,18.0,Poor,4.0,No,Yes,Average,Low,Good,Affordable Rent,Family,18.0,180000.0
P0162,Healthcare,City Center,29000.0,6.9,Excellent,3.0,Yes,Yes,Excellent,High,Excellent,Quiet Environment,Couple,68.0,660000.0
P0579,Finance,Riverside,20000.0,12.8,Average,4.0,Yes,Yes,Good,Low,Good,Safety,Single,26.0,1104000.0
P0392,Teacher,South Garden,-5000.0,11.4,Average,3.0,No,Yes,Average,Low,Average,Public Transport,Single,21.0,180000.0
P0527,Government,City Center,25500.0,6.3,Excellent,3.0,Yes,Yes,Excellent,High,Excellent,Safety,Couple,39.0,792000.0
P0140,IT Professional,Green Valley,20500.0,7.6,Good,5.0,Yes,Yes,Good,Low,Excellent,Internet Availability,Couple,34.0,288000.0
P0076,IT Professional,Green Valley,19500.0,6.6,Good,5.0,Yes,Yes,Good,Low,Excellent,Public Transport,Single,29.0,204000.0
P0080,Student,Green Valley,15500.0,8.4,Good,5.0,Yes,Yes,Good,Low,Excellent,Short Commute,Couple,23.0,744000.0
P0535,Teacher,Lake View,23500.0,7.9,Good,5.0,Yes,Yes,GOOD,Low,Excellent,Safety,Family,46.0,1620000.0
P0059,Teacher,,27000.0,5.1,Excellent,3.0,Yes,Yes,Excellent,High,Excellent,Quiet Environment,Family,30.0,264000.0
P0366,,North Avenue,21500.0,7.8,Good,4.0,Yes,Yes,Good,Medium,Good,Schools,SINGLE,32.0,1140000.0
P0289,Business,Green Valley,20500.0,9.2,Good,5.0,Yes,Yes,Good,Low,Excellent,Public Transport,Single,,1452000.0
P0317,IT Professional,Green Valley,18500.0,12.1, Good ,5.0,Yes,Yes,Good,Low,Excellent,Short Commute,Single,42.0,768000.0
P0074,IT Professional,City Center,27000.0,5.2,Excellent,3.0,Yes,Yes,Excellent,High,Excellent,,Single,36.0,156000.0
P0260,IT Professional,Green Valley,16500.0,8.7,Good,5.0,Yes,Yes,Good,Low,Excellent,Short Commute,Single,33.0,1224000.0
P0312,IT Professional,Green Valley,19500.0,9.7, Good ,5.0,Yes,Yes,Good,Low,Excellent,Internet Availability,Couple,53.0,1728000.0
P0217,Self-Employed,Hill View,15000.0,13.9,Poor,4.0,No,Yes,Average,Low,Good,Short Commute,Single,28.0,624000.0
P0292,Self-Employed,Green Valley,16500.0,8.6,Good,5.0,,Yes,Good,Low,Excellent,Safety,Single,40.0,1392000.0
P0227,Self-Employed,Hill View,15000.0,19.0,Poor,4.0,No,Yes,Average,Low,Good,Short Commute,Family,42.0,252000.0
P0468,Teacher,North Avenue,16000.0,9.2,Good,4.0,Yes,Yes,Good,Medium,Good,Safety,Single,44.0,1092000.0
P0050,Finance,Riverside,18500.0,9.0,Average,4.0,Yes,Yes,Good,Low,Good,Quiet Environment,Couple,40.0,888000.0
P0153,Business,Green Valley,18000.0,8.3,Good,5.0,Yes,Yes,Good,Low,Excellent,Hospitals,Single,18.0,984000.0
P0482,IT Professional,Hill View,15000.0,15.0,Poor,4.0,No,Yes,Average,Low,Good,Internet Availability,Single,18.0,780000.0
P0293,Student,Lake View,,8.9,Good,5.0,Yes,Yes,Good,Low,Excellent,Hospitals,Family,46.0,1164000.0
P0516,IT Professional,Green Valley,15000.0,9.8,Good,5.0,Yes,Yes,Good,Low,Excellent,Internet Availability,Couple,32.0,648000.0
P0246,Student,Riverside,20000.0,11.5,Average,4.0,Yes,Yes,Good,Low,Good,Schools,Single,29.0,264000.0
P0297,Self-Employed,Riverside,20000.0,13.4,Average,4.0,Yes,Yes,Good,Low,Good,Short Commute,Couple,39.0,1200000.0
P0250,Healthcare,Lake View,21500.0,13.3,Good,5.0,Yes,Yes,Good,Low,Excellent,Safety,Family,24.0,1020000.0
P0352,Business,Tech Park,27500.0,3.3,Excellent,4.0,Yes,No,Excellent,Medium,Excellent,Short Commute,Single,38.0,1464000.0
P0362,Finance,City Center,27500.0,3.3,Excellent,3.0,Yes,Yes,Excellent,High,Excellent,Public Transport,Family,37.0,780000.0
P0414,IT Professional,City Center,32000.0,6.2,Excellent,3.0,Yes,Yes,Excellent,High,Excellent,Internet Availability,Couple,40.0,504000.0
P0464,IT Professional,Tech Park,21000.0,0.5,Excellent,4.0,Yes,No,Excellent,Medium,Excellent,Affordable Rent,Single,21.0,336000.0
P0048,Self-Employed,City Center,28500.0,5.0,Excellent,3.0,Yes,Yes,Excellent,High,Excellent,Hospitals,Family,43.0,1404000.0
P0117,IT Professional,Lake View,25000.0,12.1,Good,5.0,Yes,Yes,Good,Low,Excellent,Shopping Access,Couple,53.0,900000.0
P0202,Self-Employed,North Avenue,18000.0,12.5,Good,4.0,Yes,Yes,Good,Medium,Good,Hospitals,Single,20.0,1776000.0
P0018,,North Avenue,19000.0,11.1,Good,4.0,Yes,Yes,Good,Medium,Good,Safety,Single,40.0,924000.0
P0325,Teacher,South Garden,14000.0,16.1,Average,3.0,No,Yes,Average,Low,Average,Short Commute,Family,32.0,564000.0
P0026,Healthcare,Green Valley,17000.0,5.5,Good,5.0,Yes,Yes,Good,Low,Excellent,Affordable Rent,Family,31.0,780000.0
P0295,Business,City Center,28500.0,3.8,Excellent,3.0,Yes,Yes,Excellent,High,Excellent,Schools,Couple,50.0,540000.0
P0418,IT Professional,Tech Park,31000.0,6.6,Excellent,4.0,Yes,No,Excellent,Medium,Excellent,Affordable Rent,Couple,27.0,1056000.0
P0136,IT Professional,South Garden,13500.0,16.0,Average,,No,Yes,Average,Low,Average,Short Commute,Single,28.0,2064000.0
P0511,Finance,Riverside,18000.0,13.6,Average,4.0,Yes,Yes,Good,Low,Good,Schools,Family,52.0,1716000.0
P0481,IT Professional,Hill View,17500.0,13.3,Poor,4.0,No,Yes,Average,Low,Good,,Couple,48.0,1092000.0
P0028,Healthcare,Green Valley,12000.0,9.3,Good,5.0,Yes,Yes,Good,Low,Excellent,Hospitals,Family,68.0,732000.0
P0439,Self-Employed,Tech Park,28500.0,1.5,Excellent,4.0,Yes,No,Excellent,Medium,Excellent,Short Commute,Single,30.0,156000.0
P0029,Self-Employed,Green Valley,19500.0,5.4,Good,5.0,Yes,Yes,Good,Low,Excellent,Short Commute,Family,67.0,876000.0
P0436,Business,Hill View,18000.0,16.1,Poor,4.0,No,Yes,Average,Low,Good,Shopping Access,Single,30.0,
P0413,Student,Green Valley,19500.0,7.8,Good,5.0,Yes,Yes,Good,Low,Excellent,Affordable Rent,Single,21.0,852000.0
P0542,Healthcare,South Garden,13500.0,12.6,Average,3.0,No,Yes,Average,Low,Average,Affordable Rent,Couple,54.0,816000.0
P0334,IT Professional,City Center,27500.0,9.6,Excellent,3.0,Yes,Yes,Excellent,High,Excellent,Schools,Family,41.0,1224000.0
P0078,Government,City Center,29000.0,4.7,Excellent,3.0,Yes,Yes,Excellent,High,Excellent,Quiet Environment,Single,38.0,1584000.0
P0391,Finance,City Center,27000.0,1.2,Excellent,3.0,Yes,Yes,Excellent,High,Excellent,Schools,Couple,19.0,984000.0
P0258,Finance,Hill View,16500.0,15.6,Poor,4.0,No,Yes,Average,Low,Good,Public Transport,Single,32.0,1368000.0
